{
  "gizmos-infos": {
    "is2D": true,
    "is3DIcon": false,
    "iconSize": 2,
    "gridVisible": true,
    "gridColor": [
      150,
      150,
      150,
      255
    ],
    "isIconGizmo3D": false,
    "iconGizmoSize": 2,
    "isGridVisible": true
  },
  "float-window": {
    "position": {
      "cc": {
        "Camera": {
          "dock": false,
          "top": null,
          "bottom": 10,
          "left": null,
          "right": 10
        }
      }
    }
  },
  "camera-infos": {
    "f46876e4-e81b-4931-b493-6d367be385e7": {
      "position": {
        "x": 389.99999999999994,
        "y": 180,
        "z": 5000
      },
      "rotation": {
        "x": 0,
        "y": 0,
        "z": 0,
        "w": 1
      },
      "viewCenter": {
        "x": 0,
        "y": 0,
        "z": 0
      }
    },
    "861fcae7-eb4a-4658-9393-449d2a108e1e": {
      "position": {
        "x": 480,
        "y": 320.00000000000006,
        "z": 5000
      },
      "rotation": {
        "x": 0,
        "y": 0,
        "z": 0,
        "w": 1
      },
      "viewCenter": {
        "x": 0,
        "y": 0,
        "z": 0
      }
    },
    "4d18cb41-4fe6-431e-85a8-45e9769fe4f8": {
      "position": {
        "x": 480.1113871727238,
        "y": 341.53540903969065,
        "z": 5000
      },
      "rotation": {
        "x": 0,
        "y": 0,
        "z": 0,
        "w": 1
      },
      "viewCenter": {
        "x": 0,
        "y": 0,
        "z": 0
      }
    },
    "e2126b6a-bdfc-4d41-9512-c301e76374ac": {
      "position": {
        "x": 389.99999999999994,
        "y": 180,
        "z": 5000
      },
      "rotation": {
        "x": 0,
        "y": 0,
        "z": 0,
        "w": 1
      },
      "viewCenter": {
        "x": 0,
        "y": 0,
        "z": 0
      }
    },
    "ace09968-c976-4b48-867f-3794e7ec8115": {
      "position": {
        "x": 389.99999999999994,
        "y": 180,
        "z": 5000
      },
      "rotation": {
        "x": 0,
        "y": 0,
        "z": 0,
        "w": 1
      },
      "viewCenter": {
        "x": 0,
        "y": 0,
        "z": 0
      }
    },
    "6f2a5e41-325e-42ce-8921-8c2a7580a882": {
      "position": {
        "x": 390.42366252431975,
        "y": 172.92281329997655,
        "z": 5000
      },
      "rotation": {
        "x": 0,
        "y": 0,
        "z": 0,
        "w": 1
      },
      "viewCenter": {
        "x": 0,
        "y": 0,
        "z": 0
      }
    },
    "786273ca-99d2-43ff-89d9-1bf354224259": {
      "position": {
        "x": 389.99999999999994,
        "y": 180,
        "z": 5000
      },
      "rotation": {
        "x": 0,
        "y": 0,
        "z": 0,
        "w": 1
      },
      "viewCenter": {
        "x": 0,
        "y": 0,
        "z": 0
      }
    },
    "faab466b-a477-44c1-ba86-cc3c7db81963": {
      "position": {
        "x": 390,
        "y": 180,
        "z": 5000
      },
      "rotation": {
        "x": 0,
        "y": 0,
        "z": 0,
        "w": 1
      },
      "viewCenter": {
        "x": 0,
        "y": 0,
        "z": 0
      }
    },
    "85ac784c-2486-4359-8870-7db2f6598630": {
      "position": {
        "x": 308.94137864293293,
        "y": 147.68548804586436,
        "z": 5000
      },
      "rotation": {
        "x": 0,
        "y": 0,
        "z": 0,
        "w": 1
      },
      "viewCenter": {
        "x": 0,
        "y": 0,
        "z": 0
      }
    },
    "00a9854a-a26a-4b9b-a78d-b3d3a83e2cf6": {
      "position": {
        "x": 390,
        "y": 180,
        "z": 5000
      },
      "rotation": {
        "x": 0,
        "y": 0,
        "z": 0,
        "w": 1
      },
      "viewCenter": {
        "x": 0,
        "y": 0,
        "z": 0
      }
    },
    "5ed203e1-2175-49f3-9bfc-cd90d0d96047": {
      "position": {
        "x": 398.1943847813124,
        "y": 183.60853572958817,
        "z": 5000
      },
      "rotation": {
        "x": 0,
        "y": 0,
        "z": 0,
        "w": 1
      },
      "viewCenter": {
        "x": 0,
        "y": 0,
        "z": 0
      }
    },
    "24c3586f-97e8-42c1-8834-f3c67155d5e3": {
      "position": {
        "x": 382.551006865846,
        "y": 187.2221514638803,
        "z": 5000
      },
      "rotation": {
        "x": 0,
        "y": 0,
        "z": 0,
        "w": 1
      },
      "viewCenter": {
        "x": 0,
        "y": 0,
        "z": 0
      }
    },
    "985c170b-0e03-467c-8a11-fb254222eef7": {
      "position": {
        "x": 390,
        "y": 180,
        "z": 5000
      },
      "rotation": {
        "x": 0,
        "y": 0,
        "z": 0,
        "w": 1
      },
      "viewCenter": {
        "x": 0,
        "y": 0,
        "z": 0
      }
    },
    "93783f0f-2dd2-4ca2-8ffb-e93cd630462d": {
      "position": {
        "x": 389.99999999999994,
        "y": 180,
        "z": 5000
      },
      "rotation": {
        "x": 0,
        "y": 0,
        "z": 0,
        "w": 1
      },
      "viewCenter": {
        "x": 0,
        "y": 0,
        "z": 0
      }
    },
    "a1b93600-c56a-42ce-bff7-8d1e41d693bc": {
      "position": {
        "x": 389.99999999999994,
        "y": 180,
        "z": 5000
      },
      "rotation": {
        "x": 0,
        "y": 0,
        "z": 0,
        "w": 1
      },
      "viewCenter": {
        "x": 0,
        "y": 0,
        "z": 0
      }
    },
    "d1cf133d-bb5a-476d-8fde-2c0ecf6218b6": {
      "position": {
        "x": 389.99999999999994,
        "y": 180,
        "z": 5000
      },
      "rotation": {
        "x": 0,
        "y": 0,
        "z": 0,
        "w": 1
      },
      "viewCenter": {
        "x": 0,
        "y": 0,
        "z": 0
      }
    },
    "0e2e02ab-b41a-43bc-b6fa-4eca0ffdea85": {
      "position": {
        "x": 389.99999999999994,
        "y": 180,
        "z": 5000
      },
      "rotation": {
        "x": 0,
        "y": 0,
        "z": 0,
        "w": 1
      },
      "viewCenter": {
        "x": 0,
        "y": 0,
        "z": 0
      }
    },
    "5c763a87-7242-4630-9fe8-00fe4a4d00c8": {
      "position": {
        "x": 389.99999999999994,
        "y": 180,
        "z": 5000
      },
      "rotation": {
        "x": 0,
        "y": 0,
        "z": 0,
        "w": 1
      },
      "viewCenter": {
        "x": 0,
        "y": 0,
        "z": 0
      }
    },
    "845095b1-e9e7-4d1d-8518-348d2ccb688f": {
      "position": {
        "x": 389.99999999999994,
        "y": 180,
        "z": 5000
      },
      "rotation": {
        "x": 0,
        "y": 0,
        "z": 0,
        "w": 1
      },
      "viewCenter": {
        "x": 0,
        "y": 0,
        "z": 0
      }
    },
    "f484b8ad-a9a1-4438-b050-045a91bc5138": {
      "position": {
        "x": 389.99999999999994,
        "y": 180,
        "z": 5000
      },
      "rotation": {
        "x": 0,
        "y": 0,
        "z": 0,
        "w": 1
      },
      "viewCenter": {
        "x": 0,
        "y": 0,
        "z": 0
      }
    },
    "b0f092bd-e381-4c8c-b52c-c5fd26040605": {
      "position": {
        "x": 389.99999999999994,
        "y": 180,
        "z": 5000
      },
      "rotation": {
        "x": 0,
        "y": 0,
        "z": 0,
        "w": 1
      },
      "viewCenter": {
        "x": 0,
        "y": 0,
        "z": 0
      }
    }
  },
  "camera-uuids": [
    "6f2a5e41-325e-42ce-8921-8c2a7580a882"
  ],
  "snap-configs": {
    "position": {
      "x": 1,
      "y": 1,
      "z": 1
    },
    "rotation": 1,
    "scale": 1,
    "isPositionSnapEnabled": true,
    "isRotationSnapEnabled": true,
    "isScaleSnapEnabled": true
  }
}
